Link;Indice
youtube.com/watch?v=5ykCuoNuItE&amp;1
youtube.com/watch?v=s0l25LNmYT8&amp;2
youtube.com/watch?v=s_5to2_O7DY&amp;3
youtube.com/watch?v=fqmmDjVsDjM&amp;4
youtube.com/watch?v=eFavjhKcCTg&amp;5
youtube.com/watch?v=vEfyCVD7BgI&amp;6
youtube.com/watch?v=1Ntj7rTMGjw&amp;7
youtube.com/watch?v=EJiVWoFk8GA&amp;8
youtube.com/watch?v=Usr8ODIDU-g&amp;9
youtube.com/watch?v=Ok8T0N7Y7t8&amp;10
youtube.com/watch?v=_zbyjOQ5NOM&amp;11
youtube.com/watch?v=0zySiuLXK4A&amp;12
youtube.com/watch?v=k9WqpQp8VSU&amp;13
youtube.com/watch?v=dvwBJEdpT3k&amp;14
youtube.com/watch?v=4hiVQf9MPzg&amp;15
youtube.com/watch?v=TdMT4iR5udI&amp;16
youtube.com/watch?v=CFpMIm2pOhc&amp;17
youtube.com/watch?v=VuBATf-hxT0&amp;18
youtube.com/watch?v=LMi1B8dpq_I&amp;19
youtube.com/watch?v=tybOi4hjZFQ&amp;20
youtube.com/watch?v=ewR4IU12nag&amp;21
youtube.com/watch?v=Uh-DKbKlfag&amp;22
youtube.com/watch?v=9LFcAA8eO_U&amp;23
youtube.com/watch?v=vmEHCJofslg&amp;24
youtube.com/watch?v=QNSKZinS4J0&amp;25
youtube.com/watch?v=26CH_rJjP4s&amp;26
youtube.com/watch?v=zM6FCEfDih0&amp;27
youtube.com/watch?v=OwqVtZn5df8&amp;28
youtube.com/watch?v=RyPn54Tgg5k&amp;29
youtube.com/watch?v=k0MKALGOAYM&amp;30
youtube.com/watch?v=6DEGfopquio&amp;31
youtube.com/watch?v=cfLwgEC0w5g&amp;32
youtube.com/watch?v=jxIljzBlMTo&amp;33
youtube.com/watch?v=HgyPqQTlulM&amp;34
youtube.com/watch?v=ghsw19qAG1g&amp;35
youtube.com/watch?v=Ar3EZjIs-HM&amp;36
youtube.com/watch?v=B5ny-Q7CxmA&amp;37
youtube.com/watch?v=QVlL0pHpQ7A&amp;38
youtube.com/watch?v=fHLKkLgI4U0&amp;39
youtube.com/watch?v=QqeRzz3HSv8&amp;40
youtube.com/watch?v=85NX4zZKAQE&amp;41
youtube.com/watch?v=Uyfnlu6LCnY&amp;42
youtube.com/watch?v=emKDwbUYbJk&amp;43
youtube.com/watch?v=yHYa_XE7Fe4&amp;44
youtube.com/watch?v=QS36bpEi1qI&amp;45
youtube.com/watch?v=pKvWD0f18Pc&amp;46
youtube.com/watch?v=6OPhLrLmRJ4&amp;47
youtube.com/watch?v=ZNuP7_qz3Lo&amp;48
youtube.com/watch?v=V3ztmjP92SU&amp;49
youtube.com/watch?v=qmX0fy9DFM0&amp;50
youtube.com/watch?v=YE1yPCeF1Cc&amp;51
youtube.com/watch?v=BxikZxOoPnk&amp;52
youtube.com/watch?v=sKyJdRb8XkE&amp;53
youtube.com/watch?v=4qZ3EsrKPsc&amp;54
youtube.com/watch?v=pO1HvuRnhd4&amp;55
youtube.com/watch?v=YiTCVHwkDTc&amp;56
youtube.com/watch?v=vplDO6aT92I&amp;57
youtube.com/watch?v=LO1mTELoj6o&amp;58
youtube.com/watch?v=lrOH7WzOPPo&amp;59
